<?xml version="1.0" encoding="UTF-8" standalone="yes"?>
<addon id="plugin.video.aftermath" name="[COLOR dodgerblue]Aftermath[/COLOR] [COLOR white]Wizard[/COLOR] " version="0.1.0" provider-name="Aftermath">
  <requires>
    <import addon="xbmc.python" version="2.1.0"/>
	<import addon="script.module.addon.common" />
  </requires>
  <extension point="xbmc.python.pluginsource" library="default.py">
        <provides>executable</provides>
  </extension>
  <extension point="xbmc.service" library="buildcheck.py" start="startup" />
  <extension point="xbmc.addon.metadata">
    <summary lang="en">Aftermath Wizard</summary>
    <description lang="en">Aftermath Wizard allows you to get access to the latest Aftermath Custom Builds: Aftermath Simple, Aftermath Simple Lite.[CR][CR]Credits to all Addon Developers.</description>
    <platform>all</platform>
  </extension>
</addon>
