<?xml version="1.0" encoding="UTF-8" standalone="yes"?>
<addon id="plugin.video.aftermathplaylists" name="[COLOR dodgerblue]Aftermath[/COLOR] [COLOR white]Playlists[/COLOR] " version="0.0.4" provider-name="Aftermath">
  <requires>
    <import addon="xbmc.python" version="2.1.0"/>
	<import addon="script.module.addon.common" />
  </requires>
  <extension point="xbmc.python.pluginsource" library="default.py">
        <provides>video executable</provides>
  </extension>
  <extension point="xbmc.service" library="startup.py" start="startup" />
  <extension point="xbmc.addon.metadata">
    <summary lang="en">Aftermath Playlist</summary>
    <description lang="en">Aftermath Playlist is a type of addon installer.</description>
    <platform>all</platform>
  </extension>
</addon>
