<?xml version="1.0" encoding="UTF-8" standalone="yes"?>
<addon id="repository.aftermath" name="[COLOR dodgerblue]Aftermath[/COLOR] Repo" version="0.0.43" provider-name="Aftermath">
	<extension point="xbmc.addon.repository" name="Aftermath Repo">
		<info compressed="false">https://raw.githubusercontent.com/surfacingx/Aftermath/master/addons.xml</info>
		<checksum>https://raw.githubusercontent.com/surfacingx/Aftermath/master/addons.xml.md5</checksum>
		<datadir zip="true">https://raw.githubusercontent.com/surfacingx/Aftermath/master/</datadir>
	</extension>
	<extension point="xbmc.addon.metadata">
		<summary>Aftermath Repository</summary>
		<description>Home of the Aftermath wizard</description>
		<platform>all</platform>
	</extension>
</addon>
